area,lat,lon
Melbourne (CBD),-37.82099397,144.956518441
Melbourne (CBD),-37.81784465,144.969917465
Melbourne (CBD),-37.81784465,144.969917465
Melbourne (CBD),-37.81988483,144.956601666
Melbourne (CBD),-37.82024345,144.956883655
Melbourne (CBD),-37.81975559,144.956948504
Melbourne (CBD),-37.82050677,144.955242109
Melbourne (CBD),-37.81999599,144.957828786
Melbourne (CBD),-37.81946849,144.958601136
Melbourne (CBD),-37.81943285,144.959510539
Melbourne (CBD),-37.8192157,144.959187534
Melbourne (CBD),-37.81848796,144.961133901
Melbourne (CBD),-37.81822749,144.961779888
Melbourne (CBD),-37.81782922,144.964499543
Melbourne (CBD),-37.81754523,144.964368397
Melbourne (CBD),-37.81741877,144.964331538
Melbourne (CBD),-37.81775826,144.963490994
Melbourne (CBD),-37.81784765,144.963225776
Melbourne (CBD),-37.81719024,144.96496778
Melbourne (CBD),-37.81763649,144.96509495
Melbourne (CBD),-37.81706291,144.965902771
Melbourne (CBD),-37.81710105,144.965484351
Melbourne (CBD),-37.8176078,144.965626331
Melbourne (CBD),-37.81618641,144.968676799
Melbourne (CBD),-37.81673488,144.968143252
Melbourne (CBD),-37.81670922,144.96908618
Melbourne (CBD),-37.81598753,144.969247753
Melbourne (CBD),-37.81584246,144.97204113
Melbourne (CBD),-37.81546152,144.971726206
Melbourne (CBD),-37.81542975,144.971392515
Melbourne (CBD),-37.81559017,144.971315408
Melbourne (CBD),-37.81506474,144.972512283
Melbourne (CBD),-37.81485549,144.972835247
Melbourne (CBD),-37.8154618,144.972720907
Melbourne (CBD),-37.81902044,144.955727469
Melbourne (CBD),-37.81929311,144.95469003
Melbourne (CBD),-37.8184145,144.958548349
Melbourne (CBD),-37.81866171,144.957538457
Melbourne (CBD),-37.81866171,144.957538457
Melbourne (CBD),-37.81858017,144.959122077
Melbourne (CBD),-37.8173062,144.961438973
Melbourne (CBD),-37.81745676,144.961113101
Melbourne (CBD),-37.8180082,144.959868643
Melbourne (CBD),-37.8180082,144.959868643
Melbourne (CBD),-37.81706704,144.963253733
Melbourne (CBD),-37.81722704,144.962788805
Melbourne (CBD),-37.81728432,144.96244181
Melbourne (CBD),-37.81686635,144.963649766
Melbourne (CBD),-37.81726468,144.963682753
Melbourne (CBD),-37.81664468,144.965474376
Melbourne (CBD),-37.8166033,144.965596537
Melbourne (CBD),-37.81584476,144.966330378
Melbourne (CBD),-37.81635062,144.965651032
Melbourne (CBD),-37.81543178,144.968755295
Melbourne (CBD),-37.81546677,144.967706535
Melbourne (CBD),-37.81584777,144.967430346
Melbourne (CBD),-37.81377997,144.973462178
Melbourne (CBD),-37.81430615,144.972628037
Melbourne (CBD),-37.81824464,144.955844585
Melbourne (CBD),-37.81753383,144.957473189
Melbourne (CBD),-37.81753764,144.958333858
Melbourne (CBD),-37.81719649,144.957798923
Melbourne (CBD),-37.81642893,144.960522489
Melbourne (CBD),-37.81730302,144.959442005
Melbourne (CBD),-37.81703239,144.959762275
Melbourne (CBD),-37.81629333,144.960396821
Melbourne (CBD),-37.81631093,144.960341264
Melbourne (CBD),-37.81638558,144.960085861
Melbourne (CBD),-37.81660734,144.959550019
Melbourne (CBD),-37.81666775,144.961045391
Melbourne (CBD),-37.81615528,144.962184393
Melbourne (CBD),-37.81592157,144.963497878
Melbourne (CBD),-37.81554941,144.963293794
Melbourne (CBD),-37.81585501,144.962439132
Melbourne (CBD),-37.81570426,144.962984348
Melbourne (CBD),-37.81529155,144.964466115
Melbourne (CBD),-37.81561893,144.964428319
Melbourne (CBD),-37.81528948,144.964225403
Melbourne (CBD),-37.81507697,144.965777332
Melbourne (CBD),-37.81485585,144.967277747
Melbourne (CBD),-37.81360963,144.970722603
Melbourne (CBD),-37.81314231,144.973257507
Melbourne (CBD),-37.81260038,144.973183613
Melbourne (CBD),-37.81708323,144.955503913
Melbourne (CBD),-37.81636534,144.957813206
Melbourne (CBD),-37.81651426,144.956668779
Melbourne (CBD),-37.81686865,144.957088016
Melbourne (CBD),-37.81596878,144.960110059
Melbourne (CBD),-37.81581152,144.960636631
Melbourne (CBD),-37.81491502,144.962944195
Melbourne (CBD),-37.81510975,144.962207824
Melbourne (CBD),-37.81514598,144.961818541
Melbourne (CBD),-37.81488174,144.964012048
Melbourne (CBD),-37.81473293,144.964348552
Melbourne (CBD),-37.81429892,144.965685091
Melbourne (CBD),-37.81414396,144.965613817
Melbourne (CBD),-37.81376794,144.967859853
Melbourne (CBD),-37.81379746,144.966067574
Melbourne (CBD),-37.81430553,144.966292046
Melbourne (CBD),-37.81301069,144.969463785
Melbourne (CBD),-37.81279907,144.969165311
Melbourne (CBD),-37.81281453,144.970109211
Melbourne (CBD),-37.81193572,144.97204722
Melbourne (CBD),-37.81212537,144.971565871
Melbourne (CBD),-37.81227428,144.971449909
Melbourne (CBD),-37.812234,144.970902899
Melbourne (CBD),-37.81207814,144.972350463
Melbourne (CBD),-37.81221616,144.972450949
Melbourne (CBD),-37.81584127,144.955149184
Melbourne (CBD),-37.81551353,144.955624348
Melbourne (CBD),-37.81531863,144.957392295
Melbourne (CBD),-37.81531863,144.957392295
Melbourne (CBD),-37.81494883,144.95876067
Melbourne (CBD),-37.81499761,144.959196898
Melbourne (CBD),-37.8150902,144.959379419
Melbourne (CBD),-37.8144361,144.961491987
Melbourne (CBD),-37.81388737,144.962707826
Melbourne (CBD),-37.81354034,144.962547924
Melbourne (CBD),-37.8142907,144.961405232
Melbourne (CBD),-37.81398751,144.961266412
Melbourne (CBD),-37.81374371,144.961991846
Melbourne (CBD),-37.81379494,144.961598239
Melbourne (CBD),-37.81385129,144.961204259
Melbourne (CBD),-37.81360425,144.963287893
Melbourne (CBD),-37.81288667,144.964646875
Melbourne (CBD),-37.81289706,144.965038641
Melbourne (CBD),-37.81296443,144.9658365
Melbourne (CBD),-37.81272047,144.966295166
Melbourne (CBD),-37.81259409,144.966876772
Melbourne (CBD),-37.81244678,144.967282791
Melbourne (CBD),-37.81246709,144.96764788
Melbourne (CBD),-37.81238087,144.96758979
Melbourne (CBD),-37.81251216,144.968247927
Melbourne (CBD),-37.81206119,144.968535908
Melbourne (CBD),-37.81223835,144.969182314
Melbourne (CBD),-37.81194604,144.970170292
Melbourne (CBD),-37.81146308,144.969339824
Melbourne (CBD),-37.81160744,144.969335255
Melbourne (CBD),-37.81175137,144.969403095
Melbourne (CBD),-37.81172969,144.970847236
Melbourne (CBD),-37.81168307,144.971007419
Melbourne (CBD),-37.81166963,144.971075461
Melbourne (CBD),-37.81165009,144.971163378
Melbourne (CBD),-37.811289,144.972362677
Melbourne (CBD),-37.81123539,144.97255541
Melbourne (CBD),-37.81143018,144.971014127
Melbourne (CBD),-37.81121462,144.970645342
Melbourne (CBD),-37.81094349,144.971830017
Melbourne (CBD),-37.81074304,144.971990272
Melbourne (CBD),-37.81083595,144.971505869
Melbourne (CBD),-37.81101377,144.971109213
Melbourne (CBD),-37.81127672,144.972412935
Melbourne (CBD),-37.81529895,144.954926555
Melbourne (CBD),-37.81498784,144.954249339
Melbourne (CBD),-37.81537494,144.953525588
Melbourne (CBD),-37.81537494,144.953525588
Melbourne (CBD),-37.81439357,144.956213508
Melbourne (CBD),-37.81501702,144.955669398
Melbourne (CBD),-37.81491966,144.955942078
Melbourne (CBD),-37.8146364,144.95704074
Melbourne (CBD),-37.81392391,144.959722913
Melbourne (CBD),-37.81386745,144.959907268
Melbourne (CBD),-37.81379647,144.959874118
Melbourne (CBD),-37.81338297,144.960969734
Melbourne (CBD),-37.8132345,144.960907958
Melbourne (CBD),-37.8131434,144.960866676
Melbourne (CBD),-37.81307029,144.961106093
Melbourne (CBD),-37.81318202,144.961167317
Melbourne (CBD),-37.81291055,144.961464779
Melbourne (CBD),-37.81288006,144.961012082
Melbourne (CBD),-37.81303978,144.960680876
Melbourne (CBD),-37.81354346,144.96132824
Melbourne (CBD),-37.81245199,144.963838585
Melbourne (CBD),-37.8125239,144.964839484
Melbourne (CBD),-37.81230108,144.964736445
Melbourne (CBD),-37.81185964,144.964531633
Melbourne (CBD),-37.81180752,144.964507035
Melbourne (CBD),-37.81188094,144.96613017
Melbourne (CBD),-37.81126839,144.966630476
Melbourne (CBD),-37.81128456,144.966576483
Melbourne (CBD),-37.81213633,144.96560295
Melbourne (CBD),-37.81202818,144.966418386
Melbourne (CBD),-37.81197639,144.966672391
Melbourne (CBD),-37.81186912,144.966941928
Melbourne (CBD),-37.8118553,144.967129981
Melbourne (CBD),-37.81169847,144.967298399
Melbourne (CBD),-37.81156166,144.967236445
Melbourne (CBD),-37.81140869,144.967166699
Melbourne (CBD),-37.81169356,144.965104624
Melbourne (CBD),-37.81181063,144.965147314
Melbourne (CBD),-37.81199559,144.965250371
Melbourne (CBD),-37.81067091,144.969584878
Melbourne (CBD),-37.81051104,144.969520605
Melbourne (CBD),-37.81053335,144.969119408
Melbourne (CBD),-37.81093607,144.96786271
Melbourne (CBD),-37.81132789,144.967994718
Melbourne (CBD),-37.81158809,144.967863195
Melbourne (CBD),-37.81081665,144.968152905
Melbourne (CBD),-37.81055707,144.97049616
Melbourne (CBD),-37.81005686,144.970714898
Melbourne (CBD),-37.81068513,144.970974892
Melbourne (CBD),-37.81033978,144.971413781
Melbourne (CBD),-37.80990397,144.971835359
Melbourne (CBD),-37.81392013,144.954298289
Melbourne (CBD),-37.81421045,144.953922371
Melbourne (CBD),-37.81437529,144.952954607
Melbourne (CBD),-37.81349786,144.954822177
Melbourne (CBD),-37.81386782,144.955771594
Melbourne (CBD),-37.81365662,144.956421679
Melbourne (CBD),-37.8134766,144.956016924
Melbourne (CBD),-37.8134766,144.956016924
Melbourne (CBD),-37.8130525,144.958352884
Melbourne (CBD),-37.81165187,144.961645358
Melbourne (CBD),-37.81161119,144.961626692
Melbourne (CBD),-37.81155119,144.961598787
Melbourne (CBD),-37.81210735,144.960393602
Melbourne (CBD),-37.81244232,144.960325405
Melbourne (CBD),-37.81212877,144.961762525
Melbourne (CBD),-37.81187439,144.960341087
Melbourne (CBD),-37.810658,144.965703374
Melbourne (CBD),-37.80938322,144.968906571
Melbourne (CBD),-37.8099428,144.968171809
Melbourne (CBD),-37.8099428,144.968171809
Melbourne (CBD),-37.81012652,144.967574017
Melbourne (CBD),-37.8091842,144.970732451
Melbourne (CBD),-37.8091842,144.970732451
Melbourne (CBD),-37.81327282,144.952896203
Melbourne (CBD),-37.81327282,144.952896203
Melbourne (CBD),-37.81275166,144.95495139
Melbourne (CBD),-37.81290439,144.955572945
Melbourne (CBD),-37.81299012,144.955503857
Melbourne (CBD),-37.81209045,144.957360919
Melbourne (CBD),-37.81146107,144.959861129
Melbourne (CBD),-37.81107017,144.959644312
Melbourne (CBD),-37.81131628,144.960948366
Melbourne (CBD),-37.81084464,144.962061274
Melbourne (CBD),-37.81073331,144.963018917
Melbourne (CBD),-37.81122709,144.964263714
Melbourne (CBD),-37.81107765,144.964193795
Melbourne (CBD),-37.80976881,144.965306017
Melbourne (CBD),-37.80874125,144.968724374
Melbourne (CBD),-37.80869914,144.968704545
Melbourne (CBD),-37.80913993,144.968446286
Melbourne (CBD),-37.80814525,144.97101463
West Melbourne (Residential),-37.81166257,144.953251433
Melbourne (CBD),-37.81123723,144.957113997
Melbourne (CBD),-37.81075363,144.958052866
Melbourne (CBD),-37.81071591,144.957162073
Melbourne (CBD),-37.8100143,144.960849507
Melbourne (CBD),-37.81067976,144.959277551
Melbourne (CBD),-37.81010387,144.960434848
Melbourne (CBD),-37.81040943,144.959061169
Melbourne (CBD),-37.80988902,144.959762876
Melbourne (CBD),-37.80944542,144.961742875
Melbourne (CBD),-37.80929555,144.962251266
Melbourne (CBD),-37.80895593,144.96317964
Melbourne (CBD),-37.80894099,144.962610056
Melbourne (CBD),-37.80818156,144.964543533
Melbourne (CBD),-37.80818156,144.964543533
Melbourne (CBD),-37.80768212,144.967394785
Melbourne (CBD),-37.8075865,144.967982089
Melbourne (CBD),-37.80967008,144.956662638
Melbourne (CBD),-37.81015871,144.956601159
Melbourne (CBD),-37.80918797,144.960522599
Melbourne (CBD),-37.80911596,144.96048906
Melbourne (CBD),-37.80897533,144.960424356
Melbourne (CBD),-37.8088586,144.960343859
Melbourne (CBD),-37.80880991,144.96023688
Melbourne (CBD),-37.80856366,144.960215796
Melbourne (CBD),-37.80904835,144.959575429
Melbourne (CBD),-37.80894909,144.961157281
Melbourne (CBD),-37.80765748,144.957205484
Melbourne (CBD),-37.80765748,144.957205484
Melbourne (CBD),-37.80765748,144.957205484
Melbourne (CBD),-37.80765748,144.957205484
Melbourne (CBD),-37.80765748,144.957205484
Melbourne (CBD),-37.8076029,144.959791631
Melbourne (CBD),-37.80750344,144.959633112
Melbourne (CBD),-37.80819713,144.958936644
Melbourne (CBD),-37.8076845,144.959088605
Melbourne (CBD),-37.80788769,144.958461316
Melbourne (CBD),-37.807983,144.95996948
Melbourne (CBD),-37.80794087,144.959950757
Melbourne (CBD),-37.80728963,144.962090701
Docklands,-37.82273183,144.953818379
Carlton,-37.7999972,144.96482819
Carlton,-37.7987209,144.965258417
Carlton,-37.80018973,144.966717255
Carlton,-37.80004558,144.966741006
Carlton,-37.79829108,144.966863457
Carlton,-37.79838828,144.967041148
Carlton,-37.79777439,144.967125791
Carlton,-37.7975082,144.967177892
Carlton,-37.79734681,144.967228741
Carlton,-37.79685803,144.966377828
Carlton,-37.79465838,144.969095378
Carlton,-37.79366098,144.970767327
Carlton,-37.79757961,144.969295009
Carlton,-37.79837995,144.968491963
Carlton,-37.79850637,144.967837797
Carlton,-37.79803089,144.968178866
Carlton,-37.79828024,144.967643727
Carlton,-37.79752965,144.968384074
Carlton,-37.7989855,144.968443765
Carlton,-37.79900338,144.967802954
Carlton,-37.80059699,144.967880034
Carlton,-37.79887015,144.967526441
Carlton,-37.79932164,144.96747353
Carlton,-37.79978612,144.967416427
Carlton,-37.80036743,144.967318258
Carlton,-37.79918387,144.969880959
Carlton,-37.79695652,144.970884118
Carlton,-37.79578979,144.971086189
Carlton,-37.79518777,144.97118345
Carlton,-37.79523278,144.971174478
Carlton,-37.7953809,144.971149742
Carlton,-37.79553609,144.971123092
Carlton,-37.7963885,144.974806593
Carlton,-37.80169537,144.958328684
Carlton,-37.80052523,144.958998433
Carlton,-37.80023307,144.959280641
Carlton,-37.80155731,144.958820263
Carlton,-37.80058304,144.963297148
Carlton,-37.8006201,144.963642266
Carlton,-37.80077102,144.965103662
Carlton,-37.80062759,144.964236564
Carlton,-37.80069087,144.964226369
Carlton,-37.80131908,144.964282293
Carlton,-37.80188571,144.96431186
Carlton,-37.80132569,144.965626451
Carlton,-37.80171819,144.966456885
Carlton,-37.80165695,144.966469147
Carlton,-37.80160598,144.966476308
Carlton,-37.80156205,144.966485562
Carlton,-37.80144374,144.966496703
Carlton,-37.80114228,144.966496731
Carlton,-37.80096704,144.966659073
Carlton,-37.80081687,144.96576978
Carlton,-37.80103476,144.967184315
Carlton,-37.80118693,144.967160519
Carlton,-37.80162591,144.967236482
Carlton,-37.80175883,144.967217525
Carlton,-37.80180395,144.967209194
Carlton,-37.8021884,144.967142521
Carlton,-37.80401887,144.971635508
Carlton,-37.80482036,144.968286814
Carlton,-37.80305855,144.966780013
Carlton,-37.803305,144.966813823
Carlton,-37.80443778,144.966699249
Carlton,-37.80443778,144.966699249
Carlton,-37.80443778,144.966699249
Carlton,-37.80443778,144.966699249
Carlton,-37.80467681,144.965949772
Carlton,-37.80449163,144.965974373
Carlton,-37.80408996,144.966034229
Carlton,-37.80384773,144.966086487
Carlton,-37.80378355,144.966098423
Carlton,-37.80276989,144.963945272
Carlton,-37.80355391,144.963909099
Carlton,-37.80421362,144.962027353
Carlton,-37.80429344,144.962784486
Carlton,-37.80322367,144.961699343
Carlton,-37.80240996,144.960033983
Carlton,-37.8028778,144.959127095
Carlton,-37.80543863,144.964279069
Carlton,-37.80486182,144.964446103
Carlton,-37.80493297,144.963920625
Carlton,-37.80483648,144.96352823
Carlton,-37.8060084,144.963330013
Carlton,-37.80593475,144.963957764
Carlton,-37.80671734,144.965526156
Parkville,-37.79738772,144.961258672
Parkville,-37.79738772,144.961258672
North Melbourne,-37.79358681,144.946696043
North Melbourne,-37.79589356,144.938522996
North Melbourne,-37.80252643,144.94713843
North Melbourne,-37.80473151,144.948970536
North Melbourne,-37.80430342,144.949079409
North Melbourne,-37.80430161,144.948881736
North Melbourne,-37.80412429,144.949085065
North Melbourne,-37.80260762,144.949406198
North Melbourne,-37.8024571,144.949460849
North Melbourne,-37.80496737,144.950145426
North Melbourne,-37.80422555,144.953673523
North Melbourne,-37.80409478,144.953696037
North Melbourne,-37.80357227,144.952776962
North Melbourne,-37.80509175,144.954243272
North Melbourne,-37.80537801,144.954338535
North Melbourne,-37.80444772,144.956661895
North Melbourne,-37.80439443,144.958143026
North Melbourne,-37.80337398,144.95601867
North Melbourne,-37.80223499,144.950095564
North Melbourne,-37.79936937,144.954000416
North Melbourne,-37.79930773,144.953791933
North Melbourne,-37.79856463,144.952858592
West Melbourne (Residential),-37.80605115,144.942620969
West Melbourne (Residential),-37.8068965,144.945352806
West Melbourne (Residential),-37.80643135,144.944905055
West Melbourne (Residential),-37.8080043,144.945577948
West Melbourne (Residential),-37.80784196,144.946624618
West Melbourne (Residential),-37.80539371,144.949792546
West Melbourne (Residential),-37.80538852,144.94963128
West Melbourne (Residential),-37.80883464,144.948632857
West Melbourne (Residential),-37.80844834,144.949379147
West Melbourne (Residential),-37.80739774,144.952572489
West Melbourne (Residential),-37.8059984,144.954768041
West Melbourne (Residential),-37.80590009,144.954044804
West Melbourne (Residential),-37.80619737,144.955584299
West Melbourne (Residential),-37.80606639,144.955603657
West Melbourne (Residential),-37.80604868,144.955442178
West Melbourne (Residential),-37.80951681,144.950604342
West Melbourne (Residential),-37.80886049,144.951685372
Kensington,-37.79956864,144.93036435
Kensington,-37.79458129,144.929445017
Kensington,-37.79454041,144.929242857
Kensington,-37.79223674,144.925609612
Kensington,-37.78257295,144.915521168
East Melbourne,-37.81575787,144.988184298
East Melbourne,-37.81636296,144.987427268
East Melbourne,-37.81638646,144.987630039
East Melbourne,-37.81104846,144.984140646
East Melbourne,-37.81608793,144.984834136
East Melbourne,-37.81296163,144.980455702
East Melbourne,-37.80899046,144.973522327
East Melbourne,-37.80849653,144.973619012
East Melbourne,-37.80862592,144.974887122
East Melbourne,-37.80855929,144.974276441
East Melbourne,-37.80895362,144.977894549
East Melbourne,-37.81087579,144.974119012
East Melbourne,-37.81154318,144.977340439
East Melbourne,-37.81162321,144.97574558
East Melbourne,-37.81642072,144.975927502
East Melbourne,-37.81680765,144.979983698
Melbourne (Remainder),-37.836275,144.976209572
Melbourne (Remainder),-37.83854242,144.977193113
Melbourne (Remainder),-37.8455379,144.979819038
Melbourne (Remainder),-37.84685298,144.980378149
Southbank,-37.82730522,144.959050704
Southbank,-37.82580013,144.963565642
Southbank,-37.82539902,144.966071447
Southbank,-37.82413111,144.967877726
Southbank,-37.82843322,144.967969426
Southbank,-37.83063263,144.967466569
Southbank,-37.82981139,144.97021525
Southbank,-37.83002436,144.969568044
Southbank,-37.82956555,144.96939214
Southbank,-37.82456191,144.969319749
Southbank,-37.82094494,144.968224607
Southbank,-37.82094494,144.968224607
Southbank,-37.82281706,144.968633818
Southbank,-37.82066924,144.966262253
Southbank,-37.82066924,144.966262253
Southbank,-37.82038776,144.967114686
Melbourne (Remainder),-37.83909862,144.977535477
Melbourne (Remainder),-37.83949217,144.977676928
Melbourne (Remainder),-37.8441033,144.979362332
Melbourne (Remainder),-37.84459472,144.979312384
Docklands,-37.82461483,144.947647139
Docklands,-37.82488025,144.946355947
Docklands,-37.82438863,144.943550585
Port Melbourne,-37.82210926,144.930953536
Port Melbourne,-37.82304058,144.925377505
Port Melbourne,-37.82221049,144.918786228
Port Melbourne,-37.82600955,144.920988022
Port Melbourne,-37.82984781,144.917194113
Port Melbourne,-37.82634273,144.910585822
Port Melbourne,-37.82797655,144.906335906
Southbank,-37.82132921,144.963338023
Southbank,-37.82092509,144.963375778
Southbank,-37.82082512,144.963828622
Southbank,-37.82104029,144.962891358
Southbank,-37.82193588,144.963874356
Southbank,-37.82167833,144.962153946
Southbank,-37.82312164,144.958660189
Southbank,-37.82539976,144.952378154
Southbank,-37.82539976,144.952378154
Southbank,-37.82409302,144.95033362
Southbank,-37.82559018,144.958342688
Southbank,-37.82425012,144.962678206
Southbank,-37.82280752,144.965827262
Melbourne (Remainder),-37.83016975,144.980372356
South Yarra,-37.83428436,144.981451767
South Yarra,-37.83431735,144.981699536
South Yarra,-37.83430008,144.981945066
South Yarra,-37.83431435,144.982036345
South Yarra,-37.83713808,144.979309745
Melbourne (Remainder),-37.84633593,144.982663953
Melbourne (Remainder),-37.84971031,144.981958874
Parkville,-37.7849288,144.958562594
Parkville,-37.79525038,144.9556719
Parkville,-37.80009421,144.956578445
Parkville,-37.79885182,144.955040398
Parkville,-37.77810275,144.947935334
Parkville,-37.79372054,144.949547006
Parkville,-37.78427658,144.951432112
Docklands,-37.82020557,144.954158694
Docklands,-37.81379938,144.950998069
Docklands,-37.81501701,144.951186966
Docklands,-37.81396231,144.944961198
Docklands,-37.81453857,144.945340212
Docklands,-37.81486994,144.947536811
Docklands,-37.81733573,144.949373281
Docklands,-37.81817241,144.947217029
Docklands,-37.81792089,144.949017581
Docklands,-37.81925128,144.947975341
Docklands,-37.81925128,144.947975341
Docklands,-37.81864991,144.950258352
Docklands,-37.82019801,144.951576469
Docklands,-37.81921015,144.949821292
Docklands,-37.81927362,144.943968986
Docklands,-37.82029136,144.944144701
Docklands,-37.82044557,144.943459922
Docklands,-37.82092615,144.943788121
Docklands,-37.81974585,144.945620861
Docklands,-37.81993674,144.944683539
Docklands,-37.82205735,144.945764329
Docklands,-37.82100111,144.945046845
Docklands,-37.82007613,144.941406774
Docklands,-37.81970478,144.945066127
Docklands,-37.82059451,144.94250585
Docklands,-37.82163103,144.943933222
Docklands,-37.81460532,144.941261396
Docklands,-37.81434524,144.942139035
Docklands,-37.81515588,144.941842104
Docklands,-37.8153411,144.941405106
Docklands,-37.81389099,144.943683537
Docklands,-37.81518961,144.93905572
Docklands,-37.81427742,144.940199413
Docklands,-37.81354365,144.942989624
Docklands,-37.81220918,144.939410985
Docklands,-37.8131707,144.937857365
Docklands,-37.8131707,144.937857365
Docklands,-37.81223228,144.935632097
Docklands,-37.81308482,144.941196687
Docklands,-37.81174852,144.93675199
Docklands,-37.82290352,144.952548545
North Melbourne,-37.79165579,144.937871966
North Melbourne,-37.79501722,144.941402664
Kensington,-37.79426147,144.93017684
Kensington,-37.79392952,144.92999321
Kensington,-37.7936563,144.929934732
Kensington,-37.79360999,144.929929238
Kensington,-37.79353782,144.929915372
Kensington,-37.79436218,144.931113097
Melbourne (CBD),-37.81866337,144.965469605
Melbourne (CBD),-37.81865919,144.968934898
Melbourne (CBD),-37.81784465,144.969917465
Melbourne (CBD),-37.81784465,144.969917465
Melbourne (CBD),-37.81784465,144.969917465
Melbourne (CBD),-37.82024711,144.956435223
Melbourne (CBD),-37.81974183,144.958272108
Melbourne (CBD),-37.81825093,144.961389009
Melbourne (CBD),-37.81864584,144.960420557
Melbourne (CBD),-37.81789895,144.962854858
Melbourne (CBD),-37.81798973,144.962437455
Melbourne (CBD),-37.81819275,144.962529829
Melbourne (CBD),-37.81729894,144.964881593
Melbourne (CBD),-37.81685974,144.966302712
Melbourne (CBD),-37.81699341,144.966170616
Melbourne (CBD),-37.81635789,144.96837507
Melbourne (CBD),-37.81543505,144.971222799
Melbourne (CBD),-37.81556733,144.970964282
Melbourne (CBD),-37.81560645,144.970834339
Melbourne (CBD),-37.81568875,144.970399793
Melbourne (CBD),-37.81600001,144.971154413
Melbourne (CBD),-37.8161284,144.970291127
Melbourne (CBD),-37.81489475,144.9732924
Melbourne (CBD),-37.81494022,144.97313454
Melbourne (CBD),-37.81936788,144.955210528
Melbourne (CBD),-37.81970047,144.954883047
Melbourne (CBD),-37.81853877,144.958118475
Melbourne (CBD),-37.81918367,144.957322132
Melbourne (CBD),-37.81739636,144.961222873
Melbourne (CBD),-37.8180082,144.959868643
Melbourne (CBD),-37.81758572,144.962188519
Melbourne (CBD),-37.81719967,144.963897021
Melbourne (CBD),-37.81602805,144.966088099
Melbourne (CBD),-37.81492031,144.970749785
Melbourne (CBD),-37.81468591,144.970259785
Melbourne (CBD),-37.81473508,144.970007274
Melbourne (CBD),-37.81372701,144.973720068
Melbourne (CBD),-37.81430615,144.972628037
Melbourne (CBD),-37.81867544,144.954350485
Melbourne (CBD),-37.81787118,144.955443941
Melbourne (CBD),-37.81802782,144.954905366
Melbourne (CBD),-37.81818484,144.954365839
Melbourne (CBD),-37.81767359,144.956834754
Melbourne (CBD),-37.81669009,144.960642239
Melbourne (CBD),-37.8169991,144.96031189
Melbourne (CBD),-37.8162783,144.960451922
Melbourne (CBD),-37.81614776,144.960847599
Melbourne (CBD),-37.81629382,144.961718566
Melbourne (CBD),-37.81601764,144.962688973
Melbourne (CBD),-37.81482941,144.965885145
Melbourne (CBD),-37.81479918,144.967453704
Melbourne (CBD),-37.81450301,144.967847532
Melbourne (CBD),-37.81360963,144.970722603
Melbourne (CBD),-37.8136886,144.969767558
Melbourne (CBD),-37.81346244,144.972472392
Melbourne (CBD),-37.8129051,144.972706442
Melbourne (CBD),-37.81279876,144.972393222
Melbourne (CBD),-37.81309819,144.971695294
Melbourne (CBD),-37.81677365,144.955552859
Melbourne (CBD),-37.81738969,144.953751967
Melbourne (CBD),-37.81636534,144.957813206
Melbourne (CBD),-37.81647428,144.957017939
Melbourne (CBD),-37.81695942,144.956773974
Melbourne (CBD),-37.81547268,144.96018858
Melbourne (CBD),-37.81549904,144.960540869
Melbourne (CBD),-37.81595642,144.958939222
Melbourne (CBD),-37.81556194,144.961530561
Melbourne (CBD),-37.81551671,144.962020616
Melbourne (CBD),-37.81528248,144.962638812
Melbourne (CBD),-37.81534186,144.961620956
Melbourne (CBD),-37.81386024,144.965407423
Melbourne (CBD),-37.81423669,144.965235638
Melbourne (CBD),-37.81407743,144.965582724
Melbourne (CBD),-37.81316936,144.96776365
Melbourne (CBD),-37.81384227,144.96715672
Melbourne (CBD),-37.81390779,144.967580615
Melbourne (CBD),-37.81280567,144.968972072
Melbourne (CBD),-37.81294598,144.968563153
Melbourne (CBD),-37.81296416,144.96849715
Melbourne (CBD),-37.81298798,144.96841676
Melbourne (CBD),-37.81302823,144.969254282
Melbourne (CBD),-37.81350285,144.968975222
Melbourne (CBD),-37.81217956,144.97104042
Melbourne (CBD),-37.81257803,144.971175434
Melbourne (CBD),-37.81246632,144.971918925
Melbourne (CBD),-37.81589843,144.955174248
Melbourne (CBD),-37.81579101,144.955124838
Melbourne (CBD),-37.81569596,144.95508151
Melbourne (CBD),-37.81571392,144.95610726
Melbourne (CBD),-37.81531863,144.957392295
Melbourne (CBD),-37.81527349,144.958386484
Melbourne (CBD),-37.81506553,144.95946409
Melbourne (CBD),-37.81430686,144.959659009
Melbourne (CBD),-37.81456798,144.959044223
Melbourne (CBD),-37.81467989,144.960224297
Melbourne (CBD),-37.81452036,144.959985646
Melbourne (CBD),-37.81416355,144.961756204
Melbourne (CBD),-37.81411399,144.962638938
Melbourne (CBD),-37.81353263,144.962170953
Melbourne (CBD),-37.81358648,144.961992587
Melbourne (CBD),-37.81377588,144.961462944
Melbourne (CBD),-37.81379622,144.961393663
Melbourne (CBD),-37.81379747,144.962388635
Melbourne (CBD),-37.81330938,144.964398413
Melbourne (CBD),-37.81309229,144.964999303
Melbourne (CBD),-37.81291316,144.966737509
Melbourne (CBD),-37.81265942,144.967176975
Melbourne (CBD),-37.81222178,144.96751198
Melbourne (CBD),-37.8120707,144.967439396
Melbourne (CBD),-37.8123356,144.967567753
Melbourne (CBD),-37.81247257,144.968385931
Melbourne (CBD),-37.81244855,144.968470149
Melbourne (CBD),-37.81199769,144.968857274
Melbourne (CBD),-37.81170307,144.969777753
Melbourne (CBD),-37.81170899,144.970095605
Melbourne (CBD),-37.8115871,144.970047871
Melbourne (CBD),-37.81128986,144.969912284
Melbourne (CBD),-37.81147813,144.969273121
Melbourne (CBD),-37.81173945,144.969114739
Melbourne (CBD),-37.8122734,144.96818783
Melbourne (CBD),-37.81231991,144.968207415
Melbourne (CBD),-37.81158263,144.968888379
Melbourne (CBD),-37.81137727,144.971688988
Melbourne (CBD),-37.81151587,144.970733249
Melbourne (CBD),-37.81092017,144.971362998
Melbourne (CBD),-37.81099168,144.972465071
Melbourne (CBD),-37.81095129,144.972429029
Melbourne (CBD),-37.81538903,144.954969041
Melbourne (CBD),-37.81537494,144.953525588
Melbourne (CBD),-37.81477885,144.956367186
Melbourne (CBD),-37.81355361,144.959754236
Melbourne (CBD),-37.81321386,144.962283023
Melbourne (CBD),-37.81338564,144.960776854
Melbourne (CBD),-37.81328955,144.961214947
Melbourne (CBD),-37.81339488,144.961262261
Melbourne (CBD),-37.81365679,144.960900331
Melbourne (CBD),-37.81352285,144.960469712
Melbourne (CBD),-37.81292437,144.963127568
Melbourne (CBD),-37.81244693,144.96480429
Melbourne (CBD),-37.81239263,144.964778374
Melbourne (CBD),-37.81211394,144.964648743
Melbourne (CBD),-37.81201045,144.964602088
Melbourne (CBD),-37.8119541,144.964574647
Melbourne (CBD),-37.81190136,144.964550923
Melbourne (CBD),-37.81181046,144.966372569
Melbourne (CBD),-37.81133175,144.966353331
Melbourne (CBD),-37.81204326,144.966217729
Melbourne (CBD),-37.81199247,144.966540804
Melbourne (CBD),-37.81111923,144.96703692
Melbourne (CBD),-37.81222329,144.965377424
Melbourne (CBD),-37.81206133,144.9657704
Melbourne (CBD),-37.81224859,144.965781281
Melbourne (CBD),-37.81222127,144.965872652
Melbourne (CBD),-37.81104301,144.968915174
Melbourne (CBD),-37.81059803,144.968925697
Melbourne (CBD),-37.81098009,144.968530007
Melbourne (CBD),-37.81124441,144.969075538
Melbourne (CBD),-37.81098272,144.967644342
Melbourne (CBD),-37.81012783,144.972057848
Melbourne (CBD),-37.81329521,144.955565246
Melbourne (CBD),-37.81298088,144.958613728
Melbourne (CBD),-37.81179183,144.961709344
Melbourne (CBD),-37.81171289,144.961673131
Melbourne (CBD),-37.81194755,144.960703187
Melbourne (CBD),-37.81240787,144.960530585
Melbourne (CBD),-37.81220274,144.961456084
Melbourne (CBD),-37.81190077,144.960249837
Melbourne (CBD),-37.81247757,144.959946669
Melbourne (CBD),-37.81269017,144.959964015
Melbourne (CBD),-37.8105674,144.967369629
Melbourne (CBD),-37.81020096,144.967198825
Melbourne (CBD),-37.8102551,144.967224721
Melbourne (CBD),-37.81031177,144.967250843
Melbourne (CBD),-37.80941489,144.969975609
Melbourne (CBD),-37.8091232,144.971443019
Melbourne (CBD),-37.81337023,144.951878886
Melbourne (CBD),-37.81261512,144.954274499
Melbourne (CBD),-37.8124473,144.955885513
Melbourne (CBD),-37.81301653,144.955412606
Melbourne (CBD),-37.81270785,144.956447353
Melbourne (CBD),-37.81122143,144.961458918
Melbourne (CBD),-37.81067436,144.961208102
Melbourne (CBD),-37.81115719,144.960127381
Melbourne (CBD),-37.81073635,144.960864124
Melbourne (CBD),-37.81082676,144.960466822
Melbourne (CBD),-37.81097638,144.959961235
Melbourne (CBD),-37.81102516,144.959794532
Melbourne (CBD),-37.81097275,144.960887099
Melbourne (CBD),-37.81152963,144.963996846
Melbourne (CBD),-37.80907468,144.968894912
Melbourne (CBD),-37.80893166,144.968828365
Melbourne (CBD),-37.80861853,144.968423011
Melbourne (CBD),-37.80881313,144.968771771
West Melbourne (Residential),-37.81214526,144.953514179
West Melbourne (Residential),-37.81236188,144.953629457
West Melbourne (Residential),-37.81229603,144.953598901
Melbourne (CBD),-37.81022044,144.958211968
Melbourne (CBD),-37.81124427,144.956578269
Melbourne (CBD),-37.81075124,144.959029373
Melbourne (CBD),-37.8107204,144.959136749
Melbourne (CBD),-37.81002684,144.959099041
Melbourne (CBD),-37.8090975,144.962074258
Melbourne (CBD),-37.80977164,144.961451491
Melbourne (CBD),-37.80940205,144.961890386
Melbourne (CBD),-37.80904283,144.963216993
Melbourne (CBD),-37.80913331,144.961953762
Melbourne (CBD),-37.80752222,144.968173143
Melbourne (CBD),-37.80988001,144.957993288
Melbourne (CBD),-37.80914342,144.959996913
Melbourne (CBD),-37.80897917,144.958511614
Melbourne (CBD),-37.8086289,144.961006966
Melbourne (CBD),-37.80816922,144.961762745
Melbourne (CBD),-37.80826292,144.962693205
Melbourne (CBD),-37.80719768,144.960349763
Melbourne (CBD),-37.80783746,144.960624495
Carlton,-37.79670704,144.965533876
Carlton,-37.79668021,144.964899925
Carlton,-37.79947744,144.966838206
Carlton,-37.79929755,144.966868004
Carlton,-37.79905377,144.966910371
Carlton,-37.79901857,144.966932478
Carlton,-37.79822136,144.967089764
Carlton,-37.79817948,144.967079227
Carlton,-37.79812248,144.966981693
Carlton,-37.79764329,144.967148225
Carlton,-37.79713752,144.969391732
Carlton,-37.79777638,144.969267888
Carlton,-37.79858383,144.968585611
Carlton,-37.79832944,144.967634649
Carlton,-37.79953749,144.967510433
Carlton,-37.79962339,144.967600033
Carlton,-37.80013942,144.967333819
Carlton,-37.79543507,144.971140453
Carlton,-37.79547684,144.971131911
Carlton,-37.79568657,144.974922089
Carlton,-37.80087264,144.963414226
Carlton,-37.80080042,144.965624121
Carlton,-37.80178513,144.96644595
Carlton,-37.8011904,144.966488036
Carlton,-37.80137656,144.967324233
Carlton,-37.80158026,144.967246341
Carlton,-37.80116198,144.968597488
Carlton,-37.803783,144.966723095
Carlton,-37.80443778,144.966699249
Carlton,-37.80443778,144.966699249
Carlton,-37.80443778,144.966699249
Carlton,-37.80415049,144.966024118
Carlton,-37.80366248,144.966117861
Carlton,-37.80430744,144.963640222
Carlton,-37.80336259,144.962781304
Carlton,-37.80335267,144.960971679
Carlton,-37.80219264,144.958240197
Carlton,-37.80328692,144.958614249
Carlton,-37.80477948,144.961410001
Carlton,-37.80570036,144.960508626
Carlton,-37.80614561,144.961940792
Carlton,-37.80521815,144.963716758
Carlton,-37.80649729,144.964175958
Carlton,-37.80548997,144.965492645
Carlton,-37.80670091,144.965352526
Carlton,-37.80634019,144.965400643
Carlton,-37.80578725,144.968594354
Parkville,-37.79738772,144.961258672
Parkville,-37.79738772,144.961258672
Parkville,-37.79301729,144.960593135
North Melbourne,-37.79557662,144.938197912
North Melbourne,-37.80257071,144.947539147
North Melbourne,-37.80463699,144.94904224
North Melbourne,-37.80390823,144.94904753
North Melbourne,-37.80360299,144.949205167
North Melbourne,-37.80345572,144.949083435
North Melbourne,-37.80323404,144.94928705
North Melbourne,-37.80474738,144.94871348
North Melbourne,-37.80271264,144.948475718
North Melbourne,-37.80435713,144.949722464
North Melbourne,-37.80483255,144.949568839
North Melbourne,-37.80489365,144.949580943
North Melbourne,-37.80447359,144.950594501
North Melbourne,-37.804917,144.949681151
North Melbourne,-37.80542263,144.953960605
North Melbourne,-37.80519937,144.956459859
North Melbourne,-37.80583959,144.957723661
North Melbourne,-37.80471151,144.958291779
North Melbourne,-37.80140031,144.955871244
North Melbourne,-37.80067768,144.955200107
North Melbourne,-37.80032188,144.955169656
North Melbourne,-37.7997297,144.954318992
North Melbourne,-37.79844294,144.952705279
West Melbourne (Residential),-37.80671459,144.942416906
West Melbourne (Residential),-37.80624547,144.944447036
West Melbourne (Residential),-37.80566937,144.951970327
West Melbourne (Residential),-37.80775631,144.952039324
West Melbourne (Residential),-37.80759351,144.955351089
West Melbourne (Residential),-37.80906098,144.950650784
West Melbourne (Residential),-37.81025507,144.948450986
West Melbourne (Residential),-37.81025507,144.948450986
West Melbourne (Residential),-37.81158829,144.949895376
Kensington,-37.78417751,144.916890323
East Melbourne,-37.81618514,144.985591495
East Melbourne,-37.81609348,144.985988908
East Melbourne,-37.8163489,144.98730737
East Melbourne,-37.80970434,144.984112154
East Melbourne,-37.81004656,144.985625385
East Melbourne,-37.81229599,144.984161853
East Melbourne,-37.80919457,144.979979104
Melbourne (Remainder),-37.82487805,144.982385438
Melbourne (Remainder),-37.83548357,144.975719407
Melbourne (Remainder),-37.83570366,144.97604258
Melbourne (Remainder),-37.83615254,144.976192013
Melbourne (Remainder),-37.83774552,144.977042736
Southbank,-37.82832668,144.957875171
Southbank,-37.82786327,144.959336791
Southbank,-37.8271138,144.958224358
Southbank,-37.82413111,144.967877726
Southbank,-37.82864999,144.963860787
Southbank,-37.8271278,144.966959082
Southbank,-37.83070461,144.966296035
Southbank,-37.82998246,144.967959041
Southbank,-37.82912559,144.970707242
Docklands,-37.82438863,144.943550585
Port Melbourne,-37.82653298,144.905021319
Southbank,-37.82312164,144.958660189
Southbank,-37.82577603,144.961237256
Southbank,-37.82348388,144.963582557
Southbank,-37.8225552,144.965113147
Southbank,-37.82261378,144.966258139
Southbank,-37.82570623,144.959652624
Southbank,-37.82590804,144.959486577
South Yarra,-37.83435079,144.982267428
Docklands,-37.81815357,144.952339293
Docklands,-37.81384278,144.94676167
Docklands,-37.81817241,144.947217029
Docklands,-37.81914692,144.948951865
Docklands,-37.82068417,144.950091314
Docklands,-37.82089145,144.94943448
Docklands,-37.82092961,144.944532756
Docklands,-37.8149263,144.940659333
Docklands,-37.8147229,144.939704199
Docklands,-37.8131707,144.937857365
Docklands,-37.8131707,144.937857365
Kensington,-37.79404907,144.928699415
Kensington,-37.79142188,144.93530104
Melbourne (CBD),-37.82001952,144.955837928
Melbourne (CBD),-37.81805665,144.964607913
Melbourne (CBD),-37.81771533,144.964446552
Melbourne (CBD),-37.81786011,144.962744469
Melbourne (CBD),-37.81858716,144.962709758
Melbourne (CBD),-37.8182001,144.963575985
Melbourne (CBD),-37.81807489,144.964353676
Melbourne (CBD),-37.81769553,144.965348361
Melbourne (CBD),-37.81752037,144.965997298
Melbourne (CBD),-37.81733218,144.966353165
Melbourne (CBD),-37.81674222,144.966704047
Melbourne (CBD),-37.81567008,144.970513131
Melbourne (CBD),-37.81573536,144.9701585
Melbourne (CBD),-37.81579783,144.969879827
Melbourne (CBD),-37.81629562,144.970430362
Melbourne (CBD),-37.81593915,144.971370668
Melbourne (CBD),-37.81589712,144.971473485
Melbourne (CBD),-37.81599798,144.969894808
Melbourne (CBD),-37.81880406,144.956361856
Melbourne (CBD),-37.81778076,144.960828266
Melbourne (CBD),-37.81773812,144.961614304
Melbourne (CBD),-37.81649503,144.965962351
Melbourne (CBD),-37.81642646,144.966200647
Melbourne (CBD),-37.81563788,144.968289135
Melbourne (CBD),-37.81516811,144.969846661
Melbourne (CBD),-37.81419762,144.973948408
Melbourne (CBD),-37.81679183,144.959996443
Melbourne (CBD),-37.81698961,144.960488995
Melbourne (CBD),-37.81581721,144.962811541
Melbourne (CBD),-37.81447237,144.967094279
Melbourne (CBD),-37.81560573,144.961741069
Melbourne (CBD),-37.81458812,144.96404895
Melbourne (CBD),-37.81484304,144.963742996
Melbourne (CBD),-37.8144111,144.965735021
Melbourne (CBD),-37.81323955,144.967526278
Melbourne (CBD),-37.81278439,144.969042212
Melbourne (CBD),-37.81281453,144.970109211
Melbourne (CBD),-37.8134296,144.968715379
Melbourne (CBD),-37.81200666,144.97179666
Melbourne (CBD),-37.81601898,144.954814617
Melbourne (CBD),-37.81622847,144.955325332
Melbourne (CBD),-37.81596556,144.955205085
Melbourne (CBD),-37.81626997,144.954037087
Melbourne (CBD),-37.8156735,144.955696598
Melbourne (CBD),-37.81403195,144.961034758
Melbourne (CBD),-37.81387847,144.96212614
Melbourne (CBD),-37.81344503,144.963829469
Melbourne (CBD),-37.81284647,144.965015724
Melbourne (CBD),-37.81267583,144.967688805
Melbourne (CBD),-37.812194,144.966954809
Melbourne (CBD),-37.81221773,144.966826432
Melbourne (CBD),-37.81278915,144.965611705
Melbourne (CBD),-37.81282368,144.965629089
Melbourne (CBD),-37.81207094,144.969264504
Melbourne (CBD),-37.81156159,144.969102548
Melbourne (CBD),-37.81158808,144.969010067
Melbourne (CBD),-37.81187264,144.969457819
Melbourne (CBD),-37.81170263,144.97094423
Melbourne (CBD),-37.81106615,144.97155135
Melbourne (CBD),-37.81359799,144.961073493
Melbourne (CBD),-37.81327298,144.961749522
Melbourne (CBD),-37.81221437,144.964696179
Melbourne (CBD),-37.81216387,144.964672714
Melbourne (CBD),-37.81206228,144.964625377
Melbourne (CBD),-37.81118708,144.966848584
Melbourne (CBD),-37.81203584,144.966279121
Melbourne (CBD),-37.8121468,144.965342244
Melbourne (CBD),-37.8118662,144.965438531
Melbourne (CBD),-37.81172075,144.967044866
Melbourne (CBD),-37.81134264,144.967136218
Melbourne (CBD),-37.8109979,144.968324899
Melbourne (CBD),-37.81058324,144.969540361
Melbourne (CBD),-37.81049305,144.969254088
Melbourne (CBD),-37.81056538,144.969011069
Melbourne (CBD),-37.81079362,144.968260016
Melbourne (CBD),-37.81090617,144.96801737
Melbourne (CBD),-37.81131622,144.968908437
Melbourne (CBD),-37.81058998,144.971182949
Melbourne (CBD),-37.81043132,144.971108187
Melbourne (CBD),-37.81381086,144.954262107
Melbourne (CBD),-37.81380956,144.953829359
Melbourne (CBD),-37.81372352,144.954929347
Melbourne (CBD),-37.81311232,144.95639703
Melbourne (CBD),-37.81190921,144.96165032
Melbourne (CBD),-37.81146864,144.961561283
Melbourne (CBD),-37.81213605,144.960680424
Melbourne (CBD),-37.81235069,144.960960693
Melbourne (CBD),-37.81181459,144.960540527
Melbourne (CBD),-37.81203671,144.960137254
Melbourne (CBD),-37.810658,144.965703374
Melbourne (CBD),-37.81359291,144.953234168
Melbourne (CBD),-37.81145082,144.958660108
Melbourne (CBD),-37.81200376,144.958430331
Melbourne (CBD),-37.81120131,144.959978247
Melbourne (CBD),-37.81131628,144.960948366
Melbourne (CBD),-37.81158232,144.960280316
Melbourne (CBD),-37.81148546,144.96414534
Melbourne (CBD),-37.81076344,144.964047258
Melbourne (CBD),-37.80913623,144.968719501
Melbourne (CBD),-37.80957196,144.966928628
Melbourne (CBD),-37.80953008,144.961422563
Melbourne (CBD),-37.80994879,144.961747019
Melbourne (CBD),-37.80919305,144.961748936
Melbourne (CBD),-37.80818156,144.964543533
Melbourne (CBD),-37.80818156,144.964543533
Melbourne (CBD),-37.80765748,144.957205484
Melbourne (CBD),-37.80735265,144.959552564
Melbourne (CBD),-37.80689662,144.961865678
Carlton,-37.79780844,144.965164004
Carlton,-37.79899938,144.964765292
Carlton,-37.79886072,144.966726926
Carlton,-37.80049164,144.966590198
Carlton,-37.79698294,144.968164524
Carlton,-37.79692164,144.97032083
Carlton,-37.79652005,144.970426225
Carlton,-37.79844782,144.968020718
Carlton,-37.79769784,144.968387293
Carlton,-37.80004497,144.967348455
Carlton,-37.79776853,144.971058181
Carlton,-37.7960463,144.97104054
Carlton,-37.79532263,144.971159348
Carlton,-37.79476659,144.971229464
Carlton,-37.8013409,144.962728786
Carlton,-37.8010949,144.966507051
Carlton,-37.80089707,144.966672476
Carlton,-37.80113981,144.967168398
Carlton,-37.80169333,144.967229074
Carlton,-37.80403393,144.966683147
Carlton,-37.80443778,144.966699249
Carlton,-37.80443778,144.966699249
Carlton,-37.80444613,144.964294786
Carlton,-37.80395655,144.961002249
Carlton,-37.80242146,144.96133522
Carlton,-37.80290295,144.960208799
Carlton,-37.80579439,144.959758676
Carlton,-37.80440558,144.959925596
Carlton,-37.80453213,144.961215681
Carlton,-37.80670799,144.965421152
Carlton,-37.80566982,144.966441303
North Melbourne,-37.80085798,144.945468682
North Melbourne,-37.80488638,144.948978856
North Melbourne,-37.79508314,144.948423728
North Melbourne,-37.80411038,144.950043914
North Melbourne,-37.80500905,144.950540687
North Melbourne,-37.80544377,144.954134039
North Melbourne,-37.80560474,144.956922989
North Melbourne,-37.80580455,144.957390153
North Melbourne,-37.80460731,144.958123243
North Melbourne,-37.8044425,144.958148416
North Melbourne,-37.80154511,144.950189192
West Melbourne (Residential),-37.80547842,144.950026368
West Melbourne (Residential),-37.80538446,144.949585089
West Melbourne (Residential),-37.80562951,144.951366386
West Melbourne (Residential),-37.80811131,144.947787012
West Melbourne (Residential),-37.80897146,144.948789522
West Melbourne (Residential),-37.80718433,144.955423427
Kensington,-37.79511706,144.933807982
Kensington,-37.79484451,144.931523215
Kensington,-37.79214606,144.91876537
East Melbourne,-37.81229599,144.984161853
East Melbourne,-37.80943194,144.982294313
East Melbourne,-37.80899035,144.976255689
Melbourne (Remainder),-37.82487805,144.982385438
Melbourne (Remainder),-37.84607473,144.98005912
Southbank,-37.82519306,144.96754497
Docklands,-37.82470448,144.944965024
Docklands,-37.82354217,144.941274287
Port Melbourne,-37.82481657,144.905238246
Southbank,-37.82221927,144.962642984
Southbank,-37.82437522,144.953499517
Southbank,-37.82385378,144.95977678
Southbank,-37.82376393,144.963252968
Southbank,-37.82409347,144.963728712
Southbank,-37.82169185,144.966881293
Parkville,-37.78398214,144.958681046
Parkville,-37.79746671,144.956063257
Parkville,-37.77749378,144.944996037
Parkville,-37.78541877,144.947631929
Docklands,-37.81949296,144.950870472
Docklands,-37.82153057,144.950801172
Docklands,-37.82131456,144.949832512
Docklands,-37.82183078,144.948472468
Kensington,-37.79404162,144.928633019
Kensington,-37.79407422,144.9291382
Kensington,-37.79424521,144.929970327
Kensington,-37.79000411,144.935277724
Kensington,-37.7914562,144.935841738
